Datetime,Predicted_Consumption
2010-11-26 22:00:00,0.8263665
2010-11-26 23:00:00,0.7591121
2010-11-27 00:00:00,0.7814196
2010-11-27 01:00:00,0.84896636
2010-11-27 02:00:00,0.8456175
2010-11-27 03:00:00,0.90919024
2010-11-27 04:00:00,0.9594146
2010-11-27 05:00:00,1.3415059
2010-11-27 06:00:00,1.8410362
2010-11-27 07:00:00,1.4883548
2010-11-27 08:00:00,1.114813
2010-11-27 09:00:00,1.2233089
2010-11-27 10:00:00,1.2448686
2010-11-27 11:00:00,1.3269781
2010-11-27 12:00:00,1.2777891
2010-11-27 13:00:00,1.2072805
2010-11-27 14:00:00,1.2045954
2010-11-27 15:00:00,1.1842678
2010-11-27 16:00:00,1.3595625
2010-11-27 17:00:00,1.6026787
2010-11-27 18:00:00,1.6405959
2010-11-27 19:00:00,1.4661068
2010-11-27 20:00:00,1.3129572
2010-11-27 21:00:00,0.85613453
